category,Revenue
Classic,220053.10000000033
Supreme,208196.99999999988
Chicken,195919.5
